workload,method,complete_launches,median_of_launch_medians_decode_tokens_per_second,launch_mean_decode_tokens_per_second,launch_cv_pct,median_end_to_end_latency_seconds,median_ttft_seconds,median_tpot_seconds,peak_allocated_gib,peak_reserved_gib,startup_allocated_gib,incremental_peak_allocated_gib,order_positions,all_attention_mask_tokens_active
w0_b1_l128_o64,coreflow_q185_frozen,1,18.65645741248741,18.65645741248741,,3.437651641666889,0.05763542279601097,0.0536007441225506,13.826940536499023,14.037109375,13.623595237731934,0.20334529876708984,[2],True
w0_b1_l128_o64,full_legacy_original,1,9.6927527134349,9.6927527134349,,6.615572061389685,0.11272537335753441,0.10316986614276492,15.218406677246094,15.376953125,15.016761779785156,0.2016448974609375,[1],True
w0_b1_l128_o64,isvd_legacy_padded_matched_q185,1,14.471512817856304,14.471512817856304,,4.434000261127949,0.07737509533762932,0.06910127590573023,17.140426635742188,17.3125,16.913976192474365,0.22645044326782227,[3],True
w1_b1_l512_o128,coreflow_q185_frozen,3,18.43723291681836,18.55264598887605,2.9890580016547066,6.955990504473448,0.06545357033610344,0.0542380738211429,14.257878303527832,14.470703125,13.623595237731934,0.6342830657958984,"[1, 2, 3]",True
w1_b1_l512_o128,full_legacy_original,3,9.77590961368168,9.68090723607284,2.8998191443961385,13.12461506947875,0.12972716242074966,0.10229227146295113,15.649261951446533,15.80078125,15.016761779785156,0.632500171661377,"[1, 2, 3]",True
w1_b1_l512_o128,isvd_legacy_padded_matched_q185,3,14.425039072019192,14.39932835254526,0.9826514002167023,8.921896446496248,0.11600625514984131,0.06932390234836443,17.57394027709961,17.76953125,16.913976192474365,0.6599640846252441,"[1, 2, 3]",True
w3_b1_l2048_o128,coreflow_q185_frozen,1,18.525339847426384,18.525339847426384,,7.099517367780209,0.24106300249695778,0.05398011632908986,15.877495765686035,16.7890625,13.623595237731934,2.2539005279541016,[1],True
w3_b1_l2048_o128,full_legacy_original,1,9.445876626653765,9.445876626653765,,14.018075119704008,0.568199809640646,0.10586629907681247,17.269681930541992,17.66796875,15.016761779785156,2.252920150756836,[3],True
w3_b1_l2048_o128,isvd_legacy_padded_matched_q185,1,14.53239284958078,14.53239284958078,,9.093425944447517,0.35063428804278374,0.0688117924109688,19.192925930023193,20.134765625,16.913976192474365,2.278949737548828,[2],True
w4_b1_l512_o256,coreflow_q185_frozen,1,19.003714434782683,19.003714434782683,,13.486513383686543,0.06547289714217186,0.0526212916654699,14.381365776062012,14.607421875,13.623595237731934,0.7577705383300781,[3],True
w4_b1_l512_o256,full_legacy_original,1,9.945212067379872,9.945212067379872,,25.771189749240875,0.12758992239832878,0.10055089758015147,15.774684429168701,15.9375,15.016761779785156,0.7579226493835449,[2],True
w4_b1_l512_o256,isvd_legacy_padded_matched_q185,1,14.780925078931741,14.780925078931741,,17.369384329766035,0.11438141018152237,0.06765476414093784,17.69955348968506,17.875,16.913976192474365,0.7855772972106934,[1],True
w5_b4_l512_o128,coreflow_q185_frozen,1,71.1665563723749,71.1665563723749,,7.377164158970118,0.23570043593645096,0.056206176101457415,16.129345893859863,17.552734375,13.623595237731934,2.5057506561279297,[3],True
w5_b4_l512_o128,full_legacy_original,1,35.06708837468481,35.06708837468481,,15.053310930728912,0.5605704113841057,0.11406706930614832,17.523104190826416,18.416015625,15.016761779785156,2.5063424110412598,[1],True
w5_b4_l512_o128,isvd_legacy_padded_matched_q185,1,55.543336132534186,55.543336132534186,,9.494219984859228,0.3448534645140171,0.07201583985620597,19.44414520263672,20.404296875,16.913976192474365,2.5301690101623535,[2],True
w6_b8_l512_o128,coreflow_q185_frozen,1,143.98783733742016,143.98783733742016,,7.552604513242841,0.4898121580481529,0.05556552700229048,18.627909660339355,19.71875,13.623595237731934,5.004314422607422,[1],True
w6_b8_l512_o128,full_legacy_original,1,68.57996583028216,68.57996583028216,,16.042147314175963,1.2214734740555286,0.1166531880364174,20.021936893463135,20.720703125,15.016761779785156,5.0051751136779785,[2],True
w6_b8_l512_o128,isvd_legacy_padded_matched_q185,1,105.22218998719259,105.22218998719259,,10.359902882948518,0.6984652206301689,0.07602963646448503,21.94239044189453,22.724609375,16.913976192474365,5.028414249420166,[3],True
