pool,method,token_block,module_count,adapter_wall_time_us_seven_module_sum,adapter_cuda_time_us_seven_module_sum,representative_resident_bytes_sum,representative_logical_elements_sum,representative_stored_elements_sum,representative_executed_elements_sum,peak_allocated_bytes_max,peak_reserved_bytes_max,incremental_peak_allocated_bytes_max,logical_adapter_scope_invocations,logical_expert_branches_per_seven_module_invocation,logical_matmuls_per_seven_module_invocation,operator_calls,cuda_kernel_events,adapter_scope_cuda_time_us,profiled_modules
k3_strict,coreflow_q185_frozen,1,7,1297.2131371498108,1150.079995393753,30327050,15163525,15163525,15163525,14544384,23068672,8727552,70,7,21,972,79,206.68700000000172,7
k3_strict,coreflow_q185_frozen,32,7,1426.2907207012177,1270.8320021629333,30327050,15163525,15163525,15163525,15305728,23068672,729088,70,7,21,0,0,0.0,0
k3_strict,coreflow_q185_frozen,128,7,1386.2866908311844,1230.5440083146095,30327050,15163525,15163525,15163525,18276864,25165824,2913280,70,7,21,0,0,0.0,0
k3_strict,coreflow_q185_frozen,512,7,1408.9960604906082,1255.2639991044998,30327050,15163525,15163525,15163525,30162432,35651584,11651072,70,7,21,1022,91,730.1820000000012,7
k3_strict,full_legacy_original,1,7,2117.495983839035,1966.7359665036201,59965440,29982720,29982720,29982720,20751872,44040192,8544768,70,21,42,1264,237,444.41499999999826,7
k3_strict,full_legacy_original,32,7,2395.4715579748154,2239.248037338257,59965440,29982720,29982720,29982720,23053312,48234496,2114048,70,21,42,0,0,0.0,0
k3_strict,full_legacy_original,128,7,2382.686361670494,2226.2719869613647,59965440,29982720,29982720,29982720,30180864,48234496,8454656,70,21,42,0,0,0.0,0
k3_strict,full_legacy_original,512,7,2389.7793143987656,2235.2319955825806,59965440,29982720,29982720,29982720,58691584,73400320,33817600,70,21,42,1400,273,1427.8500000000006,7
k3_strict,isvd_legacy_padded_matched_q185,1,7,1603.09299826622,1453.2319977879524,11930280,2364928,5965056,5965056,18084352,23068672,8790528,70,7,14,1292,99,194.88000000000102,7
k3_strict,isvd_legacy_padded_matched_q185,32,7,1733.018085360527,1578.575998544693,11930280,2364928,5965056,5965056,18778112,25165824,4206080,70,7,14,0,0,0.0,0
k3_strict,isvd_legacy_padded_matched_q185,128,7,1729.760318994522,1576.1279985308647,11930280,2364928,5965056,5965056,22121472,25165824,11282944,70,7,14,0,0,0.0,0
k3_strict,isvd_legacy_padded_matched_q185,512,7,1770.7571387290955,1609.2800125479698,11930280,2364928,5965056,5965056,59118080,73400320,45131776,70,7,14,1330,105,797.9869999999991,7
k5_formal,coreflow_q185_frozen,1,7,1281.8370014429092,1132.8800022602081,31285350,15642675,15642675,15642675,14818304,23068672,8864768,70,7,21,972,79,224.57900000000086,7
k5_formal,coreflow_q185_frozen,32,7,1350.7939875125885,1198.560006916523,31285350,15642675,15642675,15642675,15569920,23068672,729088,70,7,21,0,0,0.0,0
k5_formal,coreflow_q185_frozen,128,7,1345.8505272865295,1194.080002605915,31285350,15642675,15642675,15642675,18414080,25165824,2913280,70,7,21,0,0,0.0,0
k5_formal,coreflow_q185_frozen,512,7,1363.8604432344437,1212.7680033445358,31285350,15642675,15642675,15642675,30301184,37748736,11651072,70,7,21,1022,91,748.4239999999998,7
k5_formal,full_legacy_original,1,7,3270.6111669540405,3112.4480068683624,79953920,39976960,39976960,39976960,24618496,46137344,8544768,70,35,70,2032,381,697.0980000000018,7
k5_formal,full_legacy_original,32,7,3557.1735352277756,3401.7119854688644,79953920,39976960,39976960,39976960,26919936,48234496,2114048,70,35,70,0,0,0.0,0
k5_formal,full_legacy_original,128,7,3545.6884652376175,3390.6079828739166,79953920,39976960,39976960,39976960,34048000,48234496,8454656,70,35,70,0,0,0.0,0
k5_formal,full_legacy_original,512,7,3568.5840994119644,3413.6159867048264,79953920,39976960,39976960,39976960,62560256,73400320,33817600,70,35,70,2268,441,2208.163000000003,7
k5_formal,isvd_legacy_padded_matched_q185,1,7,1589.9036079645157,1443.9359903335571,20418840,2693632,10209280,10209280,24733184,44040192,8970752,70,7,14,1292,99,213.02900000000125,7
k5_formal,isvd_legacy_padded_matched_q185,32,7,1726.686954498291,1574.5119974017143,20418840,2693632,10209280,10209280,25434624,44040192,6844928,70,7,14,0,0,0.0,0
k5_formal,isvd_legacy_padded_matched_q185,128,7,1731.75148665905,1581.0080170631409,20418840,2693632,10209280,10209280,29200896,46137344,17516032,70,7,14,0,0,0.0,0
k5_formal,isvd_legacy_padded_matched_q185,512,7,1810.3402107954025,1660.3040024638176,20418840,2693632,10209280,10209280,82801152,96468992,67966976,70,7,14,1330,105,1056.172,7
k8_strict,coreflow_q185_frozen,1,7,1283.1836938858032,1136.752001941204,32722800,16361400,16361400,16361400,15229952,23068672,9071104,70,7,21,972,79,244.8019999999982,7
k8_strict,coreflow_q185_frozen,32,7,1411.7322862148285,1254.592016339302,32722800,16361400,16361400,16361400,16015872,23068672,729088,70,7,21,0,0,0.0,0
k8_strict,coreflow_q185_frozen,128,7,1375.935971736908,1224.78399425745,32722800,16361400,16361400,16361400,18619904,25165824,2913280,70,7,21,0,0,0.0,0
k8_strict,coreflow_q185_frozen,512,7,1427.2183179855347,1271.407999098301,32722800,16361400,16361400,16361400,30509568,37748736,11651072,70,7,21,1022,91,784.7760000000001,7
k8_strict,full_legacy_original,1,7,4721.170291304588,4562.8640204668045,109936640,54968320,54968320,54968320,30418432,46137344,8544768,70,56,112,3184,597,1081.5459999999985,7
k8_strict,full_legacy_original,32,7,5420.397967100143,5256.400048732758,109936640,54968320,54968320,54968320,32719872,50331648,2114048,70,56,112,0,0,0.0,0
k8_strict,full_legacy_original,128,7,5415.521562099457,5251.871973276138,109936640,54968320,54968320,54968320,39848448,50331648,8454656,70,56,112,0,0,0.0,0
k8_strict,full_legacy_original,512,7,5407.039076089859,5242.527991533279,109936640,54968320,54968320,54968320,68363264,88080384,33817600,70,56,112,3570,693,3383.8540000000025,7
k8_strict,isvd_legacy_padded_matched_q185,1,7,1631.8820416927338,1481.0400009155273,79954368,11968768,39976960,39976960,35282432,48234496,12715008,70,7,14,1294,93,303.14199999999903,7
k8_strict,isvd_legacy_padded_matched_q185,32,7,1754.317432641983,1597.7120101451874,79954368,11968768,39976960,39976960,35996672,56623104,11304960,70,7,14,0,0,0.0,0
k8_strict,isvd_legacy_padded_matched_q185,128,7,1866.0109490156174,1697.615996003151,79954368,11968768,39976960,39976960,51055104,79691776,26017792,70,7,14,0,0,0.0,0
k8_strict,isvd_legacy_padded_matched_q185,512,7,2183.957025408745,2014.8639902472496,79954368,11968768,39976960,39976960,130163200,169869312,101974016,70,7,14,1314,105,1789.3579999999993,7
