question_id,order_index,method,seed,strict_pass,status,parse_success,passed_tests,tests,at_least_one_test_pass,timeout,new_tokens,reached_max_new_tokens,raw_output_chars,raw_output_sha256,postprocess_mode
3817,0,full_legacy_original,41,0,WRONG_ANSWER_OR_RUNTIME,1,0,33,0,0,78,0,299,ffc22d95f7f56c15e91541faa4cca862d9e90aee5bffad40523bdea78ec32080,last_complete_fenced_block
abc380_c,1,full_legacy_original,41,0,WRONG_ANSWER_OR_RUNTIME,0,1,42,1,0,768,1,3202,8666d5de26c67243d97afda6732cf0b1d3c03497f7495f7ff1ef31d696b84b48,raw_text_syntax_error
abc386_b,2,full_legacy_original,41,0,WRONG_ANSWER_OR_RUNTIME,1,1,43,1,0,62,0,217,f270d45ef26576d46bfd606d667106b6556fb8bf25e362c77ea5d992dccaa849,last_complete_fenced_block
3559,3,full_legacy_original,41,0,WRONG_ANSWER_OR_RUNTIME,1,2,43,1,0,302,0,1175,9e5628a88174b89da80a634ed98a931c41cdf8361372f765df6df39bfe589452,last_complete_fenced_block
3677,4,full_legacy_original,41,0,WRONG_ANSWER_OR_RUNTIME,1,0,42,0,0,302,0,913,48d90d8500a8bd9ae287421464ae27a47593a385f0c6e6dc13eb712b3f018500,last_complete_fenced_block
abc390_a,5,full_legacy_original,41,0,WRONG_ANSWER_OR_RUNTIME,0,1,44,1,0,768,1,1362,8ab2488101689f1852ac53d5a01c7fbacf71f98b6367290781ac976fd74d2fb0,raw_text_syntax_error
abc396_a,6,full_legacy_original,41,0,WRONG_ANSWER_OR_RUNTIME,1,13,45,1,0,210,0,692,81938e7289c19d82cb29919fee87970929243dd156a96d1104ffa5750dc112ce,last_complete_fenced_block
3593,7,full_legacy_original,41,0,WRONG_ANSWER_OR_RUNTIME,1,0,43,0,0,282,0,1084,4061924c23c3a8ce4ba879da66e404dfdf26bf1923cc53285844c356e38a2ac5,last_complete_fenced_block
abc397_b,8,full_legacy_original,41,0,WRONG_ANSWER_OR_RUNTIME,1,1,43,1,0,768,1,1803,29e339cc368cfecbf89478cd137ebe9d550005a3aee68709dd64533c638826c2,last_complete_fenced_block
3768,9,full_legacy_original,41,0,WRONG_ANSWER_OR_RUNTIME,1,1,33,1,0,166,0,531,51bbd9e7ab9634b7cac73acfb9c7bd8dee1d932e8d77f3564958f5097e18020b,last_complete_fenced_block
3656,10,full_legacy_original,41,0,WRONG_ANSWER_OR_RUNTIME,1,0,34,0,0,750,0,1812,6ddc40203a1c47b218c3d343a1d46a709c05744c472712f7a95bfddad966ea9b,last_complete_fenced_block
abc367_c,11,full_legacy_original,41,0,WRONG_ANSWER_OR_RUNTIME,1,1,21,1,0,199,0,927,f5c58012006b2c6d83f412e9e749ce75a2efb3cc8cdb6882d20c258b525e11ef,last_complete_fenced_block
3626,12,full_legacy_original,41,0,WRONG_ANSWER_OR_RUNTIME,1,0,33,0,0,151,0,452,24c966972c2310bdc39baea3738280341992646620653b902e67840e16663524,last_complete_fenced_block
3487,13,full_legacy_original,41,0,WRONG_ANSWER_OR_RUNTIME,0,1,44,1,0,768,1,1972,2e69c4ff6da47526d7ee9c4e3bc3d08ea8024cfc2e876a9b0587708449c29fc4,raw_text_syntax_error
3627,14,full_legacy_original,41,0,WRONG_ANSWER_OR_RUNTIME,1,0,43,0,0,330,0,972,d9f472b3969d20ac991724bc91139e737837791f1862bf4c5b87f91969a3969f,last_complete_fenced_block
abc395_c,15,full_legacy_original,41,0,WRONG_ANSWER_OR_RUNTIME,1,1,43,1,0,469,0,1432,13a9cfb1183faaf4f0dbd4bb7955bc5b808a732d2219890079d6d8bd7bab8d21,last_complete_fenced_block
3817,0,coreflow_q185_frozen,41,0,WRONG_ANSWER_OR_RUNTIME,1,0,33,0,0,105,0,414,5d1dcd748f1437f82f83aa358ad3a6c697ee59f4559469a7cbcceda201f7db81,last_complete_fenced_block
abc380_c,1,coreflow_q185_frozen,41,0,WRONG_ANSWER_OR_RUNTIME,0,1,42,1,0,768,1,2095,725d78ee926dd26b9f5fae529759fce4a3d3b63f30d356986a6d28ac3a9f16a6,raw_text_syntax_error
abc386_b,2,coreflow_q185_frozen,41,0,WRONG_ANSWER_OR_RUNTIME,1,1,43,1,0,768,1,1803,29e339cc368cfecbf89478cd137ebe9d550005a3aee68709dd64533c638826c2,last_complete_fenced_block
3559,3,coreflow_q185_frozen,41,0,WRONG_ANSWER_OR_RUNTIME,1,2,43,1,0,266,0,1006,a72df2bc6d047d894aff201242f830af0580a56b5b3acead37d274e7bafc0b22,last_complete_fenced_block
3677,4,coreflow_q185_frozen,41,0,WRONG_ANSWER_OR_RUNTIME,1,0,42,0,0,302,0,913,48d90d8500a8bd9ae287421464ae27a47593a385f0c6e6dc13eb712b3f018500,last_complete_fenced_block
abc390_a,5,coreflow_q185_frozen,41,0,WRONG_ANSWER_OR_RUNTIME,1,1,44,1,0,768,1,3236,b58c81d10214b55c9f986f346ee9812e76b0bd56d2ea232ed40ec232a30bdbb8,last_complete_fenced_block
abc396_a,6,coreflow_q185_frozen,41,0,WRONG_ANSWER_OR_RUNTIME,1,13,45,1,0,210,0,692,acebd0ebe2f8088cfb92615ea1be1c744986de6cf68cf0d1c5d3a8655b6de863,last_complete_fenced_block
3593,7,coreflow_q185_frozen,41,0,WRONG_ANSWER_OR_RUNTIME,1,0,43,0,0,768,1,3195,5fcf8b894c181148bb023bec9399fa5b7a4a129531f34b3d03608cf6f4dc8412,last_complete_fenced_block
abc397_b,8,coreflow_q185_frozen,41,0,WRONG_ANSWER_OR_RUNTIME,1,1,43,1,0,768,1,1803,29e339cc368cfecbf89478cd137ebe9d550005a3aee68709dd64533c638826c2,last_complete_fenced_block
3768,9,coreflow_q185_frozen,41,0,WRONG_ANSWER_OR_RUNTIME,1,1,33,1,0,151,0,479,77cbb60ba84399b76e00e3239d2104c657753fa2a1144ed6adb9fa2ee93fe180,last_complete_fenced_block
3656,10,coreflow_q185_frozen,41,0,WRONG_ANSWER_OR_RUNTIME,1,0,34,0,0,768,1,1909,fa2d7534d149e7b914d72d0315bf77da6faa7c7b45ce2363861ac9612815040f,last_complete_fenced_block
abc367_c,11,coreflow_q185_frozen,41,0,WRONG_ANSWER_OR_RUNTIME,1,1,21,1,0,212,0,1015,2d2805cd47e8875f9f15e93873419815dfb6f4a088fd2258825f4cde8f8ba3e8,last_complete_fenced_block
3626,12,coreflow_q185_frozen,41,0,WRONG_ANSWER_OR_RUNTIME,1,0,33,0,0,141,0,446,be67e066240443d052d2195ca49246a127e2b45bd79095c00fea97a06d4cbe5a,last_complete_fenced_block
3487,13,coreflow_q185_frozen,41,0,WRONG_ANSWER_OR_RUNTIME,0,1,44,1,0,768,1,2788,66768f23669e501075ac2759517b517ecc6fb6635cb525a5ce13a7830cac36ad,raw_text_syntax_error
3627,14,coreflow_q185_frozen,41,0,WRONG_ANSWER_OR_RUNTIME,1,0,43,0,0,354,0,1017,e7edd9de2fd8ba38a57c3ba245cae62f698090829f965eda160b44e270bdd171,last_complete_fenced_block
abc395_c,15,coreflow_q185_frozen,41,0,WRONG_ANSWER_OR_RUNTIME,0,1,43,1,0,768,1,3644,27c47ff090f555a03e60306121925e00834d88b339354511de46cb829f5ba5a1,raw_text_syntax_error
3817,0,isvd_legacy_padded_matched_q185,41,0,WRONG_ANSWER_OR_RUNTIME,1,0,33,0,0,78,0,299,ffc22d95f7f56c15e91541faa4cca862d9e90aee5bffad40523bdea78ec32080,last_complete_fenced_block
abc380_c,1,isvd_legacy_padded_matched_q185,41,0,WRONG_ANSWER_OR_RUNTIME,0,1,42,1,0,768,1,2095,efe02e855c9535d9b0ea6199bf05865a8b83e245502666eaf07ff2cac7dfc355,raw_text_syntax_error
abc386_b,2,isvd_legacy_padded_matched_q185,41,0,WRONG_ANSWER_OR_RUNTIME,1,1,43,1,0,62,0,217,f270d45ef26576d46bfd606d667106b6556fb8bf25e362c77ea5d992dccaa849,last_complete_fenced_block
3559,3,isvd_legacy_padded_matched_q185,41,0,WRONG_ANSWER_OR_RUNTIME,1,0,43,0,0,412,0,1598,95b8966ab206fed4d85c113bb98ae76f1c448c6a47e2b01a0663534cd98d11c5,last_complete_fenced_block
3677,4,isvd_legacy_padded_matched_q185,41,0,WRONG_ANSWER_OR_RUNTIME,1,0,42,0,0,294,0,887,eb94e0e5faaa8ebd2c217938021bb9baf6157c6ed4fabcc2f685dcc4b5ecf0e9,last_complete_fenced_block
abc390_a,5,isvd_legacy_padded_matched_q185,41,0,WRONG_ANSWER_OR_RUNTIME,1,1,44,1,0,354,0,1269,31ad108c710b1ba7000343b8f2190c1b409215469d757b1f98f638568910783c,last_complete_fenced_block
abc396_a,6,isvd_legacy_padded_matched_q185,41,0,WRONG_ANSWER_OR_RUNTIME,1,13,45,1,0,210,0,692,81938e7289c19d82cb29919fee87970929243dd156a96d1104ffa5750dc112ce,last_complete_fenced_block
3593,7,isvd_legacy_padded_matched_q185,41,0,WRONG_ANSWER_OR_RUNTIME,1,0,43,0,0,282,0,1084,4061924c23c3a8ce4ba879da66e404dfdf26bf1923cc53285844c356e38a2ac5,last_complete_fenced_block
abc397_b,8,isvd_legacy_padded_matched_q185,41,0,WRONG_ANSWER_OR_RUNTIME,1,1,43,1,0,768,1,1803,29e339cc368cfecbf89478cd137ebe9d550005a3aee68709dd64533c638826c2,last_complete_fenced_block
3768,9,isvd_legacy_padded_matched_q185,41,0,WRONG_ANSWER_OR_RUNTIME,1,1,33,1,0,174,0,583,e6b096634c53f0b88bd17dd30eefe2237dc36327f1526216db4767c2a077d3bc,last_complete_fenced_block
3656,10,isvd_legacy_padded_matched_q185,41,0,WRONG_ANSWER_OR_RUNTIME,1,0,34,0,0,768,1,1910,ed05dbdcd0b973e6af18714f98761f931a489b882af4ffe0c9f48c5ea38c51ef,last_complete_fenced_block
abc367_c,11,isvd_legacy_padded_matched_q185,41,0,WRONG_ANSWER_OR_RUNTIME,1,1,21,1,0,130,0,598,9d40fc4204988011d8334a8758110c4eafe81d29397d458ee63bddcac03111a1,last_complete_fenced_block
3626,12,isvd_legacy_padded_matched_q185,41,0,WRONG_ANSWER_OR_RUNTIME,1,0,33,0,0,151,0,452,24c966972c2310bdc39baea3738280341992646620653b902e67840e16663524,last_complete_fenced_block
3487,13,isvd_legacy_padded_matched_q185,41,0,WRONG_ANSWER_OR_RUNTIME,1,0,44,0,0,277,0,1066,a16e0448ffc47b6dfc456050231b10187e4a8416a3d8152fa52fad68a271f8e9,last_complete_fenced_block
3627,14,isvd_legacy_padded_matched_q185,41,0,WRONG_ANSWER_OR_RUNTIME,1,0,43,0,0,330,0,974,e1838f43213840d1cec1f8ff325813fbd563b611ca9a1f0e6d904d24282a27d7,last_complete_fenced_block
abc395_c,15,isvd_legacy_padded_matched_q185,41,0,WRONG_ANSWER_OR_RUNTIME,1,1,43,1,0,543,0,1715,2e6f20df6c4cd545be50411204feb2d2f16590b309932de849c1ec92cb69bf0e,last_complete_fenced_block
